Id;Label
1;"ACL22611.1 hypothetical protein Dhaf_4610 [Desulfitobacterium hafniense DCB-2]"
2;"AAC83696.2 vanillate:corrinoid protein methyltransferase [Acetobacterium dehalogenans]"
3;"AAQ89566.1 veratrol:corrinoid protein metyltransferase [Acetobacterium dehalogenans]"
4;"WP_014795685.1 MULTISPECIES: uroporphyrinogen decarboxylase [Desulfitobacterium]"
5;"WP_014827708.1 uroporphyrinogen decarboxylase [Desulfosporosinus acidiphilus]"
6;"WP_014903981.1 hypothetical protein [Desulfosporosinus meridiei]"
7;"WP_015263681.1 uroporphyrinogen decarboxylase [Desulfitobacterium dichloroeliminans]"
8;"WP_018212184.1 uroporphyrinogen decarboxylase [Desulfitobacterium hafniense]"
9;"WP_019226210.1 MULTISPECIES: uroporphyrinogen III decarboxylase [Dehalobacter]"
10;"WP_025205286.1 uroporphyrinogen III decarboxylase [Dehalobacter restrictus]"
11;"WP_047808039.1 uroporphyrinogen decarboxylase [Desulfosporosinus acididurans]"
12;"WP_050738420.1 hypothetical protein [Acetobacterium bakii]"
13;"WP_050739739.1 uroporphyrinogen III decarboxylase [Acetobacterium bakii]"
14;"WP_063556584.1 uroporphyrinogen decarboxylase [Clostridium ljungdahlii]"
15;"WP_068962812.1 uroporphyrinogen decarboxylase [Desulfosporosinus sp. BG]"
16;"WP_070370916.1 uroporphyrinogen decarboxylase [Acetobacterium wieringae]"
17;"WP_072773703.1 uroporphyrinogen decarboxylase [Desulfitobacterium chlororespirans]"
18;"WP_073271564.1 uroporphyrinogen decarboxylase [Alkalibacter saccharofermentans]"
19;"WP_075367098.1 uroporphyrinogen decarboxylase [Desulfosporosinus sp. OL]"
20;"WP_088189151.1 uroporphyrinogen decarboxylase [Desulfosporosinus sp. FKA]"
21;"WP_111888822.1 uroporphyrinogen decarboxylase [Acetobacterium sp. KB-1]"
22;"WP_135380167.1 uroporphyrinogen decarboxylase [Desulfosporosinus sp. Sb-LF]"
23;"WP_148565983.1 uroporphyrinogen decarboxylase [Acetobacterium paludosum]"
24;"WP_148602756.1 uroporphyrinogen decarboxylase [Acetobacterium tundrae]"
25;"WP_155312330.1 uroporphyrinogen decarboxylase [Desulfosarcina ovata]"
26;"WP_186894558.1 uroporphyrinogen decarboxylase [Acetobacterium malicum]"
27;"KAF5043376.1 Uroporphyrinogen decarboxylase [anaerobic digester metagenome]"
28;"KAF5057161.1 Uroporphyrinogen decarboxylase [anaerobic digester metagenome]"
29;"KAF5068457.1 Uroporphyrinogen decarboxylase [anaerobic digester metagenome]"
30;"KAF5080816.1 Uroporphyrinogen decarboxylase [anaerobic digester metagenome]"
31;"KAF5082176.1 Uroporphyrinogen decarboxylase [anaerobic digester metagenome]"
32;"KAF5082186.1 Uroporphyrinogen decarboxylase [anaerobic digester metagenome]"
33;"KAF5084894.1 Uroporphyrinogen decarboxylase [anaerobic digester metagenome]"
34;"KAF5088375.1 Uroporphyrinogen decarboxylase [anaerobic digester metagenome]"
35;"KAF5091201.1 Uroporphyrinogen decarboxylase [anaerobic digester metagenome]"
