ID,Node_name,Label,Annotation,Organism,Label_type,Metagenome_type
1,1,ACL22611.1,hypothetical protein Dhaf_4610 ,Desulfitobacterium hafniense DCB-2,1,Template
2,2,AAC83696.2,vanillate:corrinoid protein methyltransferase ,Acetobacterium dehalogenans,1,Template
3,3,AAQ89566.1,veratrol:corrinoid protein metyltransferase ,Acetobacterium dehalogenans,1,Template
4,4,WP_014795685.1,MULTISPECIES: uroporphyrinogen decarboxylase ,Desulfitobacterium,2,RefSeq
5,5,WP_014827708.1,uroporphyrinogen decarboxylase ,Desulfosporosinus acidiphilus,2,RefSeq
6,6,WP_014903981.1,hypothetical protein ,Desulfosporosinus meridiei,2,RefSeq
7,7,WP_015263681.1,uroporphyrinogen decarboxylase ,Desulfitobacterium dichloroeliminans,2,RefSeq
8,8,WP_018212184.1,uroporphyrinogen decarboxylase ,Desulfitobacterium hafniense,2,RefSeq
9,9,WP_019226210.1,MULTISPECIES: uroporphyrinogen III decarboxylase ,Dehalobacter,2,RefSeq
10,10,WP_025205286.1,uroporphyrinogen III decarboxylase ,Dehalobacter restrictus,2,RefSeq
11,11,WP_047808039.1,uroporphyrinogen decarboxylase ,Desulfosporosinus acididurans,2,RefSeq
12,12,WP_050738420.1,hypothetical protein ,Acetobacterium bakii,2,RefSeq
13,13,WP_050739739.1,uroporphyrinogen III decarboxylase ,Acetobacterium bakii,2,RefSeq
14,14,WP_063556584.1,uroporphyrinogen decarboxylase ,Clostridium ljungdahlii,2,RefSeq
15,15,WP_068962812.1,uroporphyrinogen decarboxylase ,Desulfosporosinus sp. BG,2,RefSeq
16,16,WP_070370916.1,uroporphyrinogen decarboxylase ,Acetobacterium wieringae,2,RefSeq
17,17,WP_072773703.1,uroporphyrinogen decarboxylase ,Desulfitobacterium chlororespirans,2,RefSeq
18,18,WP_073271564.1,uroporphyrinogen decarboxylase ,Alkalibacter saccharofermentans,2,RefSeq
19,19,WP_075367098.1,uroporphyrinogen decarboxylase ,Desulfosporosinus sp. OL,2,RefSeq
20,20,WP_088189151.1,uroporphyrinogen decarboxylase ,Desulfosporosinus sp. FKA,2,RefSeq
21,21,WP_111888822.1,uroporphyrinogen decarboxylase ,Acetobacterium sp. KB-1,2,RefSeq
22,22,WP_135380167.1,uroporphyrinogen decarboxylase ,Desulfosporosinus sp. Sb-LF,2,RefSeq
23,23,WP_148565983.1,uroporphyrinogen decarboxylase ,Acetobacterium paludosum,2,RefSeq
24,24,WP_148602756.1,uroporphyrinogen decarboxylase ,Acetobacterium tundrae,2,RefSeq
25,25,WP_155312330.1,uroporphyrinogen decarboxylase ,Desulfosarcina ovata,2,RefSeq
26,26,WP_186894558.1,uroporphyrinogen decarboxylase ,Acetobacterium malicum,2,RefSeq
27,27,KAF5043376.1,Uroporphyrinogen decarboxylase ,anaerobic digester metagenome,3,AD
28,28,KAF5057161.1,Uroporphyrinogen decarboxylase ,anaerobic digester metagenome,3,AD
29,29,KAF5068457.1,Uroporphyrinogen decarboxylase ,anaerobic digester metagenome,3,AD
30,30,KAF5080816.1,Uroporphyrinogen decarboxylase ,anaerobic digester metagenome,3,AD
31,31,KAF5082176.1,Uroporphyrinogen decarboxylase ,anaerobic digester metagenome,3,AD
32,32,KAF5082186.1,Uroporphyrinogen decarboxylase ,anaerobic digester metagenome,3,AD
33,33,KAF5084894.1,Uroporphyrinogen decarboxylase ,anaerobic digester metagenome,3,AD
34,34,KAF5088375.1,Uroporphyrinogen decarboxylase ,anaerobic digester metagenome,3,AD
35,35,KAF5091201.1,Uroporphyrinogen decarboxylase ,anaerobic digester metagenome,3,AD
